participant_id,pct_missing
3,27.27272727272727
13,22.727272727272727
21,68.18181818181817
22,68.18181818181817
23,77.27272727272727
24,68.18181818181817
25,68.18181818181817
66,22.727272727272727
